Name,Team,Age,G,AB,PA,H,1B,2B,3B,HR,R,RBI,BB,IBB,SO,HBP,SF,SH,GDP,SB,CS,AVG,GB,FB,LD,IFFB,Pitches,Balls,Strikes,IFH,BU,BUH,BB%,K%,BB/K,OBP,SLG,OPS,ISO,BABIP,GB/FB,LD%,GB%,FB%,IFFB%,HR/FB,IFH%,BUH%,wOBA,wRAA,wRC,Bat,Fld,Rep,Pos,RAR,WAR,Dol,Spd,wRC+,WPA,-WPA,+WPA,RE24,REW,pLI,phLI,PH,WPA/LI,Clutch,O-Swing%,Z-Swing%,Swing%,O-Contact%,Z-Contact%,Contact%,Zone%,F-Strike%,SwStr%,BsR,Pace,Def,wSB,UBR,Off,Lg,wGDP,Pull%,Cent%,Oppo%,Soft%,Med%,Hard%,playerid
Curt Casali,Rays,26,38,101,113,24,8,6,0,10,13,18,8,0,34,2,1,1,2,0,0,0.238,29,31,8,0,441,172,269,0,1,0,0.071,0.301,0.24,0.304,0.594,0.898,0.356,0.241,0.94,0.118,0.426,0.456,0,0.323,0,0,0.377,5.7,18,5.8,-1,3.3,2.3,10.3,1.1,8.8,0.4,144,-0.25,-2.34,2.09,3.36,0.42,1.12,1.75,2,0.59,-0.82,0.248,0.725,0.47,0.456,0.779,0.688,0.465,0.566,0.143,-0.4,22.7,1.3,0,-0.5,5.4,0.4,0.1,0.507,0.333,0.159,0.101,0.58,0.319,12510
Kyle Schwarber,Cubs,22,69,232,273,57,34,6,1,16,52,43,36,1,77,4,1,0,4,3,3,0.246,63,66,27,5,1163,454,709,4,0,0,0.132,0.282,0.47,0.355,0.487,0.842,0.241,0.293,0.95,0.173,0.404,0.423,0.076,0.242,0.063,0,0.364,11.1,42,10,-2.3,8,-1.1,17.5,1.9,14.9,4.7,131,1.53,-4.6,6.13,17.47,1.85,0.95,0.83,9,2.05,-0.44,0.307,0.664,0.45,0.576,0.748,0.678,0.4,0.601,0.144,2.5,21.6,-3.4,-0.7,1.9,12.5,0.5,1.3,0.468,0.321,0.212,0.147,0.455,0.397,16478
Buster Posey,Giants,28,150,557,623,177,130,28,0,19,74,95,56,10,52,3,7,0,17,2,0,0.318,225,173,114,12,2194,838,1356,7,0,0,0.09,0.083,1.08,0.379,0.47,0.849,0.153,0.32,1.3,0.223,0.439,0.338,0.069,0.11,0.031,0,0.363,24.9,95,27.7,3.6,18.2,4.6,53.6,5.7,45.5,2.1,138,3.62,-10.61,14.23,34.12,3.76,1.1,2.99,6,2.68,0.62,0.307,0.718,0.485,0.792,0.932,0.882,0.434,0.592,0.056,-1.8,22.9,8.2,0,-0.6,26,1.2,-1.2,0.354,0.375,0.272,0.166,0.488,0.346,9166
Travis d'Arnaud,Mets,26,67,239,268,64,37,14,1,12,31,41,23,0,49,4,2,0,7,0,0,0.268,71,80,41,13,988,363,625,3,0,0,0.086,0.183,0.47,0.34,0.485,0.825,0.218,0.289,0.89,0.214,0.37,0.417,0.163,0.15,0.042,0,0.355,9,39,9.7,-1,7.8,4.9,21.9,2.3,18.6,1.9,131,1.37,-4.65,6.02,10.37,1.14,1.06,2.13,3,1.27,0.02,0.281,0.673,0.469,0.629,0.861,0.789,0.481,0.623,0.098,0.1,22.5,3.9,-0.1,0.8,9.7,0.5,-0.6,0.412,0.292,0.297,0.177,0.537,0.287,7739
Chris Gimenez,Rangers,32,36,98,113,25,13,6,1,5,19,14,10,0,19,1,0,4,2,2,0,0.255,33,32,14,1,435,162,273,2,4,0,0.088,0.168,0.53,0.33,0.49,0.82,0.235,0.27,1.03,0.177,0.418,0.405,0.031,0.156,0.061,0,0.353,3.6,16,2.4,-2,3.3,2.4,7.7,0.8,6.5,7,119,-0.2,-1.67,1.47,0.61,0.08,0.82, ,0,-0.03,-0.21,0.232,0.569,0.401,0.66,0.886,0.821,0.5,0.628,0.071,1.2,22.4,0.4,0.4,0.6,3.6,0.4,0.2,0.398,0.289,0.313,0.157,0.602,0.241,7324
Nick Hundley,Rockies,31,103,366,389,110,74,21,5,10,45,43,21,0,76,1,1,0,8,5,6,0.301,124,99,65,12,1448,505,943,12,3,1,0.054,0.195,0.28,0.339,0.467,0.807,0.167,0.356,1.25,0.226,0.431,0.344,0.121,0.101,0.097,0.333,0.348,10.8,55,1.6,2,11.4,7.4,21.5,2.3,18.2,4.6,103,-0.36,-7.01,6.65,1.05,-0.18,0.96,0.68,2,0.05,-0.43,0.265,0.759,0.514,0.567,0.87,0.793,0.505,0.64,0.105,-1.6,24,9.4,-1.5,-0.1,-0.1,0.7,0,0.337,0.364,0.299,0.172,0.55,0.278,3376
Francisco Cervelli,Pirates,29,130,451,510,133,104,17,5,7,56,43,46,1,94,8,1,4,12,1,1,0.295,186,96,75,3,2003,790,1213,10,5,0,0.09,0.184,0.49,0.37,0.401,0.771,0.106,0.359,1.94,0.21,0.521,0.269,0.031,0.073,0.054,0,0.341,11.2,69,11.4,0,14.9,9.3,35.9,3.8,30.5,3.6,119,1.41,-8,9.41,9.33,1.16,1.03,2.18,5,0.86,0.51,0.215,0.634,0.421,0.667,0.876,0.821,0.49,0.606,0.074,-0.7,24.1,9.3,-0.5,0,10.7,1,-0.2,0.365,0.359,0.276,0.158,0.536,0.307,5275
Russell Martin,Blue Jays,32,129,441,507,106,58,23,2,23,76,77,53,1,106,8,5,0,22,4,5,0.24,170,111,55,21,2112,844,1268,11,4,1,0.105,0.209,0.5,0.329,0.458,0.787,0.218,0.262,1.53,0.164,0.506,0.33,0.189,0.207,0.065,0.25,0.34,10.9,68,8.3,4.2,14.8,8,32.6,3.5,27.7,4,114,-0.53,-8.87,8.34,9.56,0.93,0.91,2.93,9,0.26,-0.84,0.237,0.603,0.413,0.627,0.866,0.795,0.481,0.578,0.084,-4.6,22.2,12.2,-1.4,-0.3,3.7,1.9,-2.9,0.382,0.359,0.259,0.168,0.541,0.291,4616
A.J. Ellis,Dodgers,34,63,181,217,43,27,9,0,7,24,21,32,1,38,1,0,3,4,0,0,0.238,62,50,30,1,930,387,543,1,4,0,0.147,0.175,0.84,0.355,0.403,0.758,0.166,0.265,1.24,0.211,0.437,0.352,0.02,0.14,0.016,0,0.336,3.9,28,4.1,1,6.3,4.2,13.2,1.4,11.2,1.1,116,0.59,-3.4,3.99,0.87,0.14,1.01,2.51,2,0.51,0.07,0.144,0.57,0.358,0.682,0.889,0.848,0.502,0.567,0.054,-2.9,21.3,5.2,-0.1,-3.1,1.2,0.4,0.3,0.363,0.363,0.274,0.199,0.507,0.295,5677
Stephen Vogt,Athletics,30,136,445,511,116,74,21,3,18,58,71,56,6,97,2,8,0,9,0,2,0.261,134,144,78,7,2102,811,1291,9,0,0,0.11,0.19,0.58,0.341,0.443,0.783,0.182,0.29,0.93,0.219,0.376,0.404,0.049,0.125,0.067,0,0.335,9,66,8.9,-4.1,14.9,4.5,21.6,2.3,18.3,2.7,115,1.14,-9.05,10.2,14.4,1.45,1.06,2.01,21,0.53,0.54,0.299,0.58,0.419,0.737,0.904,0.836,0.426,0.552,0.068,-4.4,21.9,0.4,-1,-3.9,4.4,1.9,0.5,0.43,0.337,0.233,0.146,0.584,0.27,5000
Yasmani Grandal,Dodgers,26,115,355,426,83,55,12,0,16,43,47,65,1,92,2,3,1,16,0,1,0.234,120,98,45,15,1763,738,1025,4,4,1,0.153,0.216,0.71,0.353,0.403,0.756,0.169,0.268,1.22,0.171,0.456,0.373,0.153,0.163,0.033,0.25,0.335,7.4,55,7.7,-2.1,12.5,7.4,21.4,2.3,18.2,1,115,0.18,-7.27,7.45,9.12,0.92,0.98,1.89,10,1,-0.82,0.229,0.602,0.392,0.627,0.87,0.79,0.437,0.582,0.082,-4.7,21.9,5.2,-0.6,-2.5,2.9,0.8,-1.6,0.371,0.397,0.232,0.202,0.498,0.3,11368
A.J. Pierzynski,Braves,38,113,407,436,122,88,24,1,9,38,49,19,2,37,7,3,0,19,0,2,0.3,174,107,92,13,1455,500,955,7,0,0,0.044,0.085,0.51,0.339,0.43,0.769,0.13,0.31,1.63,0.247,0.466,0.287,0.121,0.084,0.04,0,0.333,6.9,56,5.9,-3,12.7,7.7,19.4,2.1,16.5,1.7,112,1.34,-7.76,9.1,7.38,0.84,1.07,2.44,6,0.78,0.47,0.409,0.757,0.55,0.808,0.92,0.87,0.405,0.562,0.071,-4.7,21,4.7,-1,-1.8,1.2,0.8,-1.9,0.424,0.335,0.241,0.201,0.539,0.26,746
Robinson Chirinos,Rangers,31,78,233,273,54,27,16,1,10,33,34,28,0,62,5,2,5,4,0,0,0.232,61,78,33,9,1104,421,683,3,6,0,0.103,0.227,0.45,0.325,0.438,0.762,0.206,0.27,0.78,0.192,0.355,0.453,0.115,0.128,0.049,0,0.332,4.1,35,1.3,0,8,5.5,13.9,1.5,11.8,2.5,104,0.12,-4.73,4.86,-1.6,-0.15,1.01, ,0,0.11,0.01,0.293,0.612,0.434,0.667,0.877,0.798,0.442,0.608,0.086,-1.9,23.1,5.5,-0.1,-2.2,-0.7,1,0.4,0.478,0.337,0.185,0.208,0.511,0.281,3142
Roberto Perez,Indians,26,70,184,226,42,25,9,1,7,30,21,33,1,64,2,2,5,9,0,0,0.228,65,33,24,2,969,397,572,1,5,1,0.146,0.283,0.52,0.348,0.402,0.751,0.174,0.304,1.97,0.197,0.533,0.27,0.061,0.212,0.015,0.2,0.331,3.2,29,2.6,3,6.6,4.5,16.3,1.7,13.8,2.9,110,0.04,-3.49,3.53,0.93,0.1,0.89, ,0,0.25,-0.2,0.175,0.59,0.374,0.506,0.822,0.744,0.479,0.584,0.095,-1.2,22.5,7.5,-0.1,-0.3,1.4,0.8,-0.8,0.378,0.378,0.244,0.244,0.449,0.307,2900
Hank Conger,Astros,27,73,201,229,46,24,11,0,11,25,33,23,0,63,2,2,1,6,0,1,0.229,48,61,30,10,930,347,583,1,2,0,0.1,0.275,0.37,0.311,0.448,0.759,0.219,0.271,0.79,0.216,0.345,0.439,0.164,0.18,0.021,0,0.329,2.8,29,2,-6,6.7,4.4,4.7,0.5,4,1.4,107,-0.12,-4.14,4.02,2.39,0.28,1.01,1.66,10,0.05,-0.17,0.282,0.667,0.452,0.566,0.824,0.734,0.442,0.673,0.119,-3.2,22.5,-1.6,-0.5,-2.6,-1.2,0.8,-0.1,0.468,0.27,0.262,0.17,0.582,0.248,2505
Miguel Montero,Cubs,31,113,347,403,86,60,11,0,15,36,53,49,5,103,4,3,0,9,1,1,0.248,100,84,63,2,1639,635,1004,7,0,0,0.122,0.256,0.48,0.345,0.409,0.754,0.161,0.306,1.19,0.255,0.405,0.34,0.024,0.179,0.07,0,0.328,4.9,50,3.3,-1,11.8,7,19.2,2,16.3,1.2,107,1.27,-6.73,8,10.25,1.17,1.01,1.19,18,0.93,0.33,0.304,0.757,0.497,0.583,0.795,0.721,0.427,0.628,0.135,-2.6,22.8,6,-0.4,-1.9,0.7,0.8,-0.3,0.373,0.381,0.247,0.162,0.506,0.332,3364
Brian McCann,Yankees,31,135,465,535,108,66,15,1,26,68,94,52,3,97,11,7,0,7,0,0,0.232,134,175,62,14,2094,779,1315,5,4,3,0.097,0.181,0.54,0.32,0.437,0.756,0.204,0.235,0.77,0.167,0.361,0.472,0.08,0.149,0.037,0.75,0.327,5.8,66,3.1,1.8,15.6,8.4,27.7,2.9,23.5,2,105,0.99,-9.88,10.88,17.69,1.88,1.08,2.1,13,0.25,0.67,0.322,0.558,0.423,0.739,0.929,0.846,0.426,0.559,0.065,-3.2,21.8,10.2,-0.2,-4.3,-0.1,2,1.3,0.501,0.315,0.184,0.152,0.533,0.315,4810
Jarrod Saltalamacchia,- - -,30,79,200,227,45,21,15,0,9,26,24,23,0,69,2,1,1,5,0,0,0.225,41,63,28,3,920,358,562,0,1,0,0.101,0.304,0.33,0.31,0.435,0.745,0.21,0.293,0.65,0.212,0.311,0.477,0.048,0.143,0,0,0.324,1.9,27,0.1,-2,6.6,3,8.3,0.9,7,1.3,100,-0.37,-3.94,3.57,-3.72,-0.47,0.96,0.68,29,-0.33,-0.05,0.269,0.691,0.46,0.455,0.799,0.689,0.452,0.608,0.141,0.1,22.4,1,-0.1,0.1,0.2,0.4,0.1,0.451,0.316,0.233,0.15,0.496,0.353,5557
Josh Phegley,Athletics,27,73,225,243,56,30,16,1,9,27,34,14,0,51,3,1,0,5,0,0,0.249,64,75,36,12,870,285,585,4,0,0,0.058,0.21,0.27,0.3,0.449,0.749,0.2,0.283,0.85,0.206,0.366,0.429,0.16,0.12,0.063,0,0.323,1.9,29,1.8,4,7.1,4.6,17.4,1.8,14.7,2.4,106,0.66,-4.5,5.16,7.1,0.71,1.07,2.37,8,0.41,0.2,0.39,0.702,0.532,0.648,0.873,0.783,0.456,0.613,0.114,-1.1,21.7,8.6,-0.1,-1.1,0.7,0.9,0.1,0.417,0.36,0.223,0.2,0.503,0.297,9308
Michael McKenry,Rockies,30,58,127,152,26,12,7,3,4,20,17,22,0,41,2,1,0,2,2,2,0.205,33,39,15,2,625,254,371,1,0,0,0.145,0.27,0.54,0.329,0.402,0.731,0.197,0.265,0.85,0.172,0.379,0.448,0.051,0.103,0.03,0,0.322,1.1,18,-2.5,-3,4.4,2.2,0.4,0,0.3,5.8,86,-0.01,-3.16,3.15,-2.09,-0.22,1,1.28,25,-0.09,0.08,0.248,0.604,0.408,0.494,0.843,0.727,0.451,0.533,0.109,-1.1,23.6,-0.8,-0.5,-0.9,-3.6,0.3,0.3,0.356,0.414,0.23,0.081,0.586,0.333,9628
Matt Wieters,Orioles,29,75,258,282,69,46,14,1,8,24,25,21,0,67,0,3,0,4,0,0,0.267,83,62,49,4,1171,434,737,5,0,0,0.074,0.238,0.31,0.319,0.422,0.742,0.155,0.328,1.34,0.253,0.428,0.32,0.065,0.129,0.06,0,0.321,1.9,34,0.1,-0.2,8.2,2.7,9.1,1,7.7,1.5,100,1,-4.46,5.46,1.08,0.08,0.94,1.05,7,-0.17,1.23,0.339,0.66,0.468,0.657,0.847,0.764,0.401,0.578,0.11,-2.8,20.9,2.5,-0.1,-2.8,-2.7,1,0.1,0.412,0.335,0.253,0.196,0.495,0.309,4298
Welington Castillo,- - -,28,110,342,378,81,46,15,1,19,42,57,25,1,92,6,5,0,12,0,0,0.237,107,101,47,9,1436,503,933,3,0,0,0.066,0.243,0.27,0.296,0.453,0.75,0.216,0.263,1.06,0.184,0.42,0.396,0.089,0.188,0.028,0,0.321,2.3,45,-0.5,-2,11.1,6.1,11.8,1.3,10,1.9,99,-0.7,-8.28,7.58,-4.71,-0.52,1.14,1.58,21,0.15,-0.76,0.294,0.605,0.445,0.565,0.872,0.768,0.485,0.622,0.102,-3.5,24.3,4.1,-0.1,-2.3,-4.1,0.8,-1.1,0.428,0.353,0.22,0.153,0.471,0.377,3256
JR Murphy,Yankees,24,67,155,172,43,30,9,1,3,21,14,12,0,43,1,3,1,4,0,0,0.277,54,34,27,3,663,231,432,6,1,0,0.07,0.25,0.28,0.327,0.406,0.734,0.129,0.357,1.59,0.235,0.47,0.296,0.088,0.088,0.111,0,0.319,0.7,20,-0.1,-2,5,3.6,6.4,0.7,5.5,2.9,99,0.22,-2.22,2.43,-1.24,-0.16,0.82,0.9,3,-0.49,0.76,0.298,0.693,0.489,0.68,0.89,0.825,0.485,0.622,0.088,-0.7,21.5,1.6,-0.1,-0.6,-0.8,0.6,0,0.457,0.302,0.241,0.121,0.552,0.328,10346
Steve Clevenger,Orioles,29,30,101,105,29,21,4,2,2,11,15,4,1,13,0,0,0,3,0,0,0.287,43,28,17,3,361,114,247,3,0,0,0.038,0.124,0.31,0.314,0.426,0.74,0.139,0.314,1.54,0.193,0.489,0.318,0.107,0.071,0.07,0,0.316,0.3,12,-0.4,0,3.1,-1.5,-0.1,0,-0.1,3.8,97,-0.15,-1.75,1.6,3.48,0.34,0.88,1.29,4,-0.23,0.06,0.355,0.719,0.531,0.8,0.911,0.872,0.483,0.686,0.067,-1.6,22,-1.5,0,-1.1,-2,0.4,-0.5,0.386,0.307,0.307,0.216,0.477,0.307,9542
Jonathan Lucroy,Brewers,29,103,371,415,98,68,20,3,7,51,43,36,0,64,1,6,1,18,1,0,0.264,140,92,81,7,1671,601,1070,6,1,0,0.087,0.154,0.56,0.326,0.391,0.717,0.127,0.297,1.52,0.259,0.447,0.294,0.076,0.076,0.043,0,0.313,0,47,-3.3,-1.1,12.1,5.9,9.9,1.1,8.4,3.8,93,-0.64,-6.94,6.31,-5.02,-0.47,0.88,1.24,11,0.02,-0.74,0.28,0.602,0.439,0.718,0.935,0.865,0.493,0.574,0.059,-4.5,25.3,4.8,0,-1.2,-7.8,0.8,-3.3,0.319,0.373,0.309,0.147,0.503,0.35,7870
Blake Swihart,Red Sox,23,84,288,309,79,56,17,1,5,47,31,18,0,77,1,0,2,8,4,2,0.274,96,58,56,7,1210,420,790,5,3,0,0.058,0.249,0.23,0.319,0.392,0.712,0.118,0.359,1.66,0.267,0.457,0.276,0.121,0.086,0.052,0,0.312,-0.4,34,-3.1,0,9,5.9,13.7,1.5,11.7,4.9,91,-0.72,-5.39,4.67,-4.57,-0.46,0.94,1.41,4,-0.64,-0.13,0.325,0.647,0.473,0.643,0.882,0.794,0.46,0.618,0.097,0.8,20.9,5.9,-0.1,1.1,-2.3,1.1,-0.2,0.394,0.343,0.263,0.207,0.526,0.268,13176
Geovany Soto,White Sox,32,78,187,210,41,24,8,0,9,20,21,21,0,63,1,0,1,2,0,1,0.219,46,49,28,4,875,354,521,3,2,2,0.1,0.3,0.33,0.301,0.406,0.708,0.187,0.278,0.94,0.228,0.374,0.398,0.082,0.184,0.065,1,0.311,-0.4,23,-1.5,1,6.1,3.9,10.6,1.1,9,1.2,94,0.22,-3.51,3.73,-0.83,-0.1,0.98,1.44,4,-0.09,0.32,0.22,0.598,0.388,0.457,0.834,0.716,0.445,0.605,0.109,0.3,20.5,4.9,-0.5,0,-1.2,0.8,0.8,0.376,0.424,0.2,0.144,0.52,0.336,3707
Derek Norris,Padres,26,147,515,557,129,80,33,2,14,65,62,35,1,131,6,1,0,5,4,1,0.25,160,158,67,15,2225,794,1431,23,0,0,0.063,0.235,0.27,0.305,0.404,0.709,0.153,0.31,1.01,0.174,0.416,0.41,0.095,0.089,0.144,0,0.309,-2,61,-1,-0.2,16.3,7.9,23,2.4,19.6,3.9,98,0.19,-9.61,9.8,4.65,0.51,0.99,1.57,14,-0.11,0.31,0.271,0.637,0.456,0.565,0.892,0.797,0.507,0.591,0.092,-0.9,24.6,7.7,0.2,-2.5,-2,1.1,1.4,0.426,0.351,0.223,0.213,0.499,0.288,6867
Caleb Joseph,Orioles,29,100,320,355,75,47,16,1,11,38,49,27,2,72,3,1,3,7,0,0,0.234,83,107,58,8,1364,481,883,7,4,0,0.076,0.203,0.38,0.299,0.394,0.693,0.159,0.269,0.78,0.234,0.335,0.431,0.075,0.103,0.084,0,0.301,-3.4,37,-5.6,0,10.4,6.7,12.9,1.4,10.9,2.1,86,-0.88,-6.2,5.32,2.27,0.22,0.98,0.38,2,-0.14,-0.76,0.331,0.663,0.485,0.629,0.884,0.791,0.465,0.651,0.1,0.1,21.5,6.8,-0.1,0.2,-5.6,1.3,0,0.377,0.337,0.286,0.183,0.512,0.306,7087
Ryan Hanigan,Red Sox,34,54,174,201,43,33,8,0,2,28,16,20,0,39,4,1,1,6,0,0,0.247,71,32,33,1,847,305,542,4,1,0,0.1,0.194,0.51,0.337,0.328,0.664,0.08,0.306,2.22,0.243,0.522,0.235,0.031,0.063,0.056,0,0.301,-2,21,-3.8,0,5.9,3.9,5.6,0.6,4.8,2.2,84,-0.22,-3.34,3.12,-1.18,-0.21,0.96,0.87,1,-0.32,0.09,0.239,0.624,0.43,0.72,0.911,0.857,0.496,0.697,0.06,-1.1,24.8,3.9,-0.1,-0.5,-4.9,0.7,-0.5,0.35,0.38,0.27,0.161,0.599,0.241,4952
Salvador Perez,Royals,25,142,531,553,138,92,25,0,21,52,70,13,4,82,4,5,0,23,1,0,0.26,190,170,94,24,1840,562,1278,12,0,0,0.024,0.148,0.16,0.28,0.426,0.706,0.166,0.27,1.12,0.207,0.419,0.374,0.141,0.124,0.063,0,0.3,-5.7,57,-8.2,2,16.2,10,15.2,1.6,12.9,1.7,87,-0.41,-9.5,9.09,-8.43,-0.93,0.92,1.83,1,0.11,-0.55,0.433,0.685,0.547,0.735,0.907,0.832,0.451,0.606,0.09,-6.7,22.1,12,0,-3.6,-14.9,2,-3.1,0.43,0.372,0.198,0.2,0.56,0.24,7304
J.T. Realmuto,Marlins,24,126,441,467,114,76,21,7,10,49,47,19,2,70,2,4,1,11,8,4,0.259,168,127,80,7,1723,571,1152,16,1,0,0.041,0.15,0.27,0.29,0.406,0.696,0.147,0.285,1.32,0.213,0.448,0.339,0.055,0.079,0.095,0,0.298,-5.7,47,-7.6,0,13.7,8.8,16.8,1.8,14.3,5.8,86,-0.73,-8.08,7.35,-2.97,-0.38,0.99,1.56,7,-0.74,0,0.346,0.682,0.505,0.765,0.918,0.863,0.473,0.625,0.069,1,21.8,8.8,-0.2,1.2,-6.5,0.9,0,0.38,0.37,0.25,0.205,0.503,0.293,11739
James McCann,Tigers,25,114,401,425,106,76,18,5,7,32,41,16,0,90,3,1,4,17,0,1,0.264,153,83,71,6,1501,469,1032,7,9,3,0.038,0.212,0.18,0.297,0.387,0.683,0.122,0.325,1.84,0.231,0.498,0.27,0.072,0.084,0.046,0.333,0.297,-5.4,42,-7.4,0,12.4,8,9.3,1,7.9,3.1,85,-1.9,-8.39,6.5,-17.51,-1.85,0.98,1.37,6,-1.17,-0.77,0.405,0.678,0.532,0.601,0.879,0.766,0.465,0.628,0.122,-5.2,23.2,8,-0.6,-2.5,-12.6,1.6,-2.1,0.386,0.358,0.256,0.161,0.576,0.263,12859
Dioner Navarro,Blue Jays,31,54,171,192,42,30,7,0,5,17,20,17,1,29,0,4,0,0,0,0,0.246,54,60,32,6,746,276,470,1,0,0,0.089,0.151,0.59,0.307,0.374,0.682,0.129,0.262,0.9,0.219,0.37,0.411,0.1,0.083,0.019,0,0.296,-2.6,19,-3.6,2,5.6,1.6,4.7,0.5,4,0.9,84,0.06,-3.38,3.44,-0.06,0.02,1.05,0.98,7,-0.33,0.39,0.265,0.641,0.434,0.639,0.901,0.813,0.449,0.505,0.08,-1.5,22.7,3.6,-0.1,-2.5,-5.1,0.7,1.1,0.418,0.356,0.226,0.144,0.555,0.301,3179
Brayan Pena,Reds,33,108,333,367,91,74,17,0,0,17,18,29,1,34,2,1,2,10,2,0,0.273,151,79,66,10,1343,518,825,8,6,2,0.079,0.093,0.85,0.334,0.324,0.659,0.051,0.303,1.91,0.223,0.51,0.267,0.127,0,0.053,0.333,0.295,-5.5,36,-7.9,-5.1,10.7,6.2,1.8,0.2,1.5,1.8,82,-1.32,-6.58,5.26,-15.11,-1.67,1.02,1.52,19,-1.09,-0.2,0.26,0.663,0.439,0.812,0.951,0.905,0.444,0.572,0.041,-2.9,20.8,1.1,0.2,-2.7,-10.8,0.7,-0.4,0.328,0.404,0.268,0.225,0.57,0.205,3231
Andrew Susac,Giants,25,52,133,148,29,17,7,2,3,14,14,14,0,43,1,0,0,2,0,0,0.218,42,31,17,5,583,224,359,2,0,0,0.095,0.291,0.33,0.297,0.368,0.666,0.15,0.299,1.35,0.189,0.467,0.344,0.161,0.097,0.048,0,0.294,-2.3,14,-1.6,-4,4.3,2.6,0.3,0,0.3,3.7,91,-0.4,-2.82,2.42,0.01,-0.02,1.02,1.74,13,0.01,-0.4,0.243,0.701,0.451,0.54,0.787,0.714,0.455,0.628,0.127,-1.3,21.7,-1.4,-0.1,-1.3,-2.9,0.3,0.1,0.4,0.356,0.244,0.178,0.5,0.322,13132
Alex Avila,Tigers,28,67,178,219,34,25,5,0,4,21,13,40,0,66,0,0,1,4,0,1,0.191,45,35,31,3,980,436,544,2,2,0,0.183,0.301,0.61,0.339,0.287,0.626,0.096,0.278,1.29,0.279,0.405,0.315,0.086,0.114,0.044,0,0.294,-3.4,21,-4.4,-0.1,6.4,1.9,3.2,0.3,2.7,1.3,82,-0.42,-3.19,2.77,-2.97,-0.31,0.84,1.35,4,-0.22,-0.29,0.167,0.68,0.4,0.303,0.765,0.66,0.454,0.571,0.136,-1.3,24,1.8,-0.5,-1.4,-5.8,0.8,0.6,0.398,0.372,0.23,0.115,0.575,0.31,7476
Cameron Rupp,Phillies,26,81,270,299,63,44,9,1,9,24,28,24,5,71,3,2,0,8,0,1,0.233,86,76,37,9,1138,415,723,1,2,1,0.08,0.237,0.34,0.301,0.374,0.675,0.141,0.281,1.13,0.186,0.432,0.382,0.118,0.118,0.012,0.5,0.291,-5.4,28,-6.7,2,8.7,6,8.9,0.9,7.5,1.8,81,-1.43,-5.83,4.4,-10.35,-1.09,1,0.52,1,-0.84,-0.58,0.291,0.748,0.497,0.605,0.824,0.753,0.451,0.615,0.12,-1.7,21.1,8,-0.5,-0.1,-8.4,0.6,-1.1,0.348,0.343,0.309,0.194,0.532,0.274,11146
Chris Stewart,Pirates,33,58,159,172,46,38,8,0,0,9,15,6,0,29,2,2,3,3,0,0,0.289,70,31,29,3,618,202,416,0,5,2,0.035,0.169,0.21,0.32,0.34,0.659,0.05,0.348,2.26,0.223,0.538,0.238,0.097,0,0,0.4,0.29,-3.1,16,-3.1,-1,5,3.2,5.3,0.6,4.5,0.6,85,-0.45,-3.04,2.59,-3.54,-0.34,1.09,1.52,10,-0.54,0.13,0.307,0.554,0.426,0.714,0.915,0.84,0.481,0.686,0.068,0.8,21.4,2.2,-0.1,0.5,-2.2,0.3,0.4,0.43,0.311,0.259,0.222,0.6,0.178,3878
Tyler Flowers,White Sox,29,112,331,361,79,58,12,0,9,21,39,21,0,104,6,1,2,8,0,1,0.239,107,82,39,10,1411,481,930,5,2,0,0.058,0.288,0.2,0.295,0.356,0.652,0.118,0.32,1.3,0.171,0.469,0.36,0.122,0.11,0.047,0,0.288,-7.2,33,-9,-3.9,10.6,7.4,4.1,0.4,3.5,0.6,78,-1.34,-6.88,5.54,-7.66,-0.85,1.03,1.2,1,-0.78,-0.52,0.307,0.705,0.51,0.529,0.809,0.726,0.51,0.69,0.137,-2.2,22.7,3.5,-0.6,-1.4,-11.2,1.3,-0.2,0.4,0.317,0.283,0.191,0.5,0.309,9134
Yadier Molina,Cardinals,32,136,488,530,132,103,23,2,4,34,61,32,3,59,0,9,1,16,3,1,0.27,209,140,89,16,1812,618,1194,8,1,0,0.06,0.111,0.54,0.31,0.35,0.66,0.08,0.295,1.49,0.203,0.477,0.32,0.114,0.029,0.038,0,0.287,-11.1,49,-12.1,1,15.5,9.7,12.7,1.3,10.8,2.7,80,-1.65,-11.13,9.48,-6.69,-0.75,1.12,1.89,3,-1.17,-0.3,0.372,0.76,0.55,0.806,0.882,0.854,0.459,0.623,0.08,-2.5,21.6,10.7,-0.1,-1.6,-14.6,1,-0.8,0.362,0.328,0.31,0.175,0.572,0.253,7007
Carlos Perez,Angels,24,86,260,283,65,48,13,0,4,20,21,19,0,49,0,2,2,7,2,0,0.25,89,81,42,11,1076,384,692,8,3,1,0.067,0.173,0.39,0.299,0.346,0.645,0.096,0.292,1.1,0.198,0.42,0.382,0.136,0.049,0.09,0.333,0.284,-6.5,25,-5.8,1.4,8.3,5.6,10,1.1,8.5,2.5,82,0.21,-4.49,4.7,-4.26,-0.42,0.91,2.73,4,-0.14,0.37,0.293,0.651,0.459,0.677,0.928,0.842,0.463,0.64,0.072,-0.5,21.3,7,0.3,-0.2,-6.3,1,-0.6,0.414,0.372,0.214,0.242,0.549,0.209,10642
Tucker Barnhart,Reds,24,81,242,274,61,49,9,0,3,23,18,25,5,45,2,3,2,10,0,1,0.252,93,55,49,3,958,336,622,3,5,1,0.091,0.164,0.56,0.324,0.326,0.65,0.074,0.294,1.69,0.249,0.472,0.279,0.055,0.055,0.032,0.2,0.284,-6.4,24,-8.2,0.1,8,5.1,3.8,0.4,3.2,1.3,74,-1.66,-4.67,3.01,-8,-0.87,0.94,2.27,9,-0.72,-1.05,0.324,0.715,0.507,0.756,0.906,0.855,0.467,0.653,0.071,-1.7,22.3,5.2,-0.5,0,-9.9,0.5,-1.2,0.347,0.352,0.302,0.203,0.624,0.173,10200
Jason Castro,Astros,28,104,337,375,71,41,19,0,11,38,31,33,1,115,2,3,0,5,0,0,0.211,84,86,55,6,1476,547,929,3,0,0,0.088,0.307,0.29,0.283,0.365,0.648,0.154,0.28,0.98,0.244,0.373,0.382,0.07,0.128,0.036,0,0.284,-8.8,33,-10.2,3,11,7.6,12.6,1.3,10.7,1.3,76,-0.87,-6.48,5.61,-10.66,-1.21,0.93,4.56,1,-0.74,-0.2,0.282,0.699,0.476,0.527,0.765,0.69,0.466,0.592,0.146,0,23.7,10.6,-0.1,-0.6,-10.3,1.4,0.7,0.476,0.284,0.24,0.107,0.578,0.316,8722
Yan Gomes,Indians,27,95,363,389,84,50,22,0,12,38,45,13,1,104,7,6,0,11,0,0,0.231,89,106,70,12,1471,480,991,5,0,0,0.033,0.267,0.13,0.267,0.391,0.659,0.16,0.285,0.84,0.264,0.336,0.4,0.113,0.113,0.056,0,0.283,-9.4,34,-10.5,0,11.4,6.4,8,0.8,6.8,1.4,77,-0.91,-7.09,6.17,-17.88,-1.92,0.99,1.02,1,-1.37,0.45,0.385,0.7,0.53,0.657,0.884,0.795,0.46,0.645,0.107,-0.7,23.9,6.4,-0.1,-0.6,-11.2,1.4,0,0.374,0.37,0.257,0.166,0.559,0.276,9627
Chris Iannetta,Angels,32,92,272,317,51,31,10,0,10,28,34,41,1,83,1,3,0,11,0,1,0.188,75,92,25,8,1313,547,766,6,0,0,0.129,0.262,0.49,0.293,0.335,0.628,0.147,0.225,0.82,0.13,0.391,0.479,0.087,0.109,0.08,0,0.281,-8.2,27,-7.4,-0.6,9.3,6,4.9,0.5,4.2,1.2,80,-1.39,-6.22,4.83,-6.84,-0.92,1.06,0.45,5,-0.88,-0.44,0.21,0.693,0.438,0.469,0.793,0.711,0.471,0.615,0.124,-3.5,22.1,5.4,-0.5,-1.2,-11,1.2,-1.8,0.417,0.333,0.25,0.182,0.568,0.25,8267
Kurt Suzuki,Twins,31,131,433,479,104,82,17,0,5,36,50,29,4,59,7,4,6,14,0,0,0.24,162,142,73,16,1749,628,1121,8,7,1,0.061,0.123,0.49,0.296,0.314,0.61,0.074,0.265,1.14,0.194,0.43,0.377,0.113,0.035,0.049,0.143,0.269,-17,37,-19.1,-6,14,9.4,-0.8,-0.1,-0.7,1,66,-1.35,-8.64,7.29,-18.7,-1.91,1,2.21,3,-1.81,0.45,0.288,0.638,0.463,0.764,0.936,0.882,0.5,0.61,0.054,-0.9,23.8,3.4,-0.2,0.4,-20,1.7,-1.1,0.414,0.349,0.237,0.138,0.615,0.247,8259
Ryan Lavarnway,- - -,27,37,94,106,18,10,6,0,2,6,6,12,1,28,0,0,0,5,0,0,0.191,24,30,12,4,416,159,257,1,0,0,0.113,0.264,0.43,0.283,0.319,0.602,0.128,0.25,0.8,0.182,0.364,0.455,0.133,0.067,0.042,0,0.267,-3.9,8,-4.3,1,3.1,1.9,0.4,0,0.3,0.4,65,-0.97,-2.06,1.09,-8.37,-0.86,0.98,1.04,7,-0.62,-0.37,0.289,0.65,0.451,0.554,0.849,0.745,0.449,0.566,0.113,-1.6,23.5,2.9,0,-0.6,-5.9,0.3,-1,0.273,0.379,0.349,0.136,0.546,0.318,8879
Wilson Ramos,Nationals,27,128,475,504,109,78,16,0,15,41,68,21,2,101,0,8,0,16,0,0,0.229,212,95,75,6,1782,600,1182,10,0,0,0.042,0.2,0.21,0.258,0.358,0.616,0.128,0.256,2.23,0.196,0.555,0.249,0.063,0.158,0.047,0,0.265,-19.6,37,-21.9,2,14.7,9.1,3.3,0.4,2.8,0.9,63,-1.34,-9.59,8.26,-13.94,-1.45,1,2.75,3,-0.91,-0.43,0.369,0.744,0.543,0.608,0.873,0.776,0.464,0.659,0.121,-1.6,22.9,11.1,-0.2,0.3,-23.5,1,-1.7,0.359,0.374,0.267,0.155,0.584,0.262,1433
Carlos Ruiz,Phillies,36,86,284,320,60,44,13,1,2,23,22,28,2,43,4,1,3,13,1,1,0.211,107,81,54,7,1236,458,778,6,3,0,0.088,0.134,0.65,0.29,0.285,0.575,0.074,0.242,1.32,0.223,0.442,0.335,0.086,0.025,0.056,0,0.259,-13.9,22,-15.3,-3,9.4,6.1,-4.3,-0.5,-3.7,2.5,59,-1.73,-6.82,5.09,-18.52,-1.85,1.11,2.45,4,-1.09,-0.47,0.248,0.601,0.423,0.753,0.939,0.884,0.496,0.613,0.048,-2.1,20.3,3.1,-0.3,0.3,-17.4,0.6,-2.1,0.302,0.363,0.335,0.208,0.633,0.159,2579
Jose Lobaton,Nationals,30,44,136,155,27,20,4,0,3,11,20,15,1,40,1,2,1,5,0,0,0.199,46,33,19,1,633,256,377,4,1,0,0.097,0.258,0.38,0.279,0.294,0.573,0.096,0.253,1.39,0.194,0.469,0.337,0.03,0.091,0.087,0,0.256,-7.1,10,-7.8,-1,4.5,3,-3.1,-0.3,-2.6,0.8,57,-0.66,-2.87,2.21,-2.04,-0.19,1.02,2.51,2,-0.61,-0.04,0.287,0.718,0.473,0.614,0.796,0.733,0.43,0.587,0.123,-2.1,21.7,2,-0.1,-1.3,-9.9,0.3,-0.7,0.343,0.323,0.333,0.152,0.606,0.242,4243
Martin Maldonado,Brewers,28,79,229,256,48,37,7,0,4,19,22,23,3,65,1,2,1,6,0,1,0.21,76,53,33,9,994,388,606,1,5,2,0.09,0.254,0.35,0.282,0.293,0.575,0.083,0.272,1.43,0.204,0.469,0.327,0.17,0.075,0.013,0.4,0.254,-12,17,-14.1,4,7.5,5.1,2.3,0.2,2,1.2,53,-0.9,-4.7,3.8,-10.34,-1.15,0.96,0.87,6,-1.43,0.5,0.241,0.58,0.402,0.52,0.881,0.768,0.476,0.594,0.092,-0.7,22.5,9.1,-0.5,0,-14.8,0.5,-0.2,0.419,0.335,0.246,0.222,0.485,0.293,6887
Kevin Plawecki,Mets,24,73,233,258,51,39,9,0,3,18,21,17,4,60,4,3,1,4,0,0,0.219,81,59,35,8,956,335,621,12,2,1,0.066,0.233,0.28,0.28,0.296,0.576,0.077,0.277,1.37,0.2,0.463,0.337,0.136,0.051,0.148,0.5,0.252,-12.7,16,-12.1,1,7.5,5.2,1.7,0.2,1.4,1,60,-0.71,-4.55,3.84,-4.77,-0.55,1.03,0.01,3,-0.79,0.1,0.285,0.626,0.459,0.531,0.909,0.793,0.509,0.636,0.092,-0.4,22,6.2,-0.1,-1.1,-12.5,0.5,0.8,0.384,0.367,0.249,0.186,0.531,0.283,13807
Tuffy Gosewisch,Diamondbacks,31,38,128,138,27,20,6,0,1,9,13,8,0,23,1,1,0,2,2,1,0.211,52,30,23,9,524,178,346,5,1,1,0.058,0.167,0.35,0.261,0.281,0.542,0.07,0.248,1.73,0.219,0.495,0.286,0.3,0.033,0.096,1,0.242,-7.8,8,-9,1,4,2.7,-1.3,-0.1,-1.1,2.9,44,-0.58,-2.58,2,-2.31,-0.32,1.01,0,1,0,-0.58,0.307,0.633,0.473,0.718,0.898,0.841,0.51,0.536,0.074,-0.2,22.4,3.7,0,-0.3,-9.3,0.3,0.1,0.349,0.349,0.302,0.208,0.538,0.255,5277
Carlos Corporan,Rangers,31,33,107,121,19,12,4,0,3,10,15,6,0,40,4,2,2,1,0,0,0.178,24,29,16,3,470,152,318,0,2,0,0.05,0.331,0.15,0.244,0.299,0.543,0.121,0.242,0.83,0.232,0.348,0.42,0.103,0.103,0,0,0.242,-6.9,7,-8.1,0,3.5,2.3,-1.9,-0.2,-1.6,1.5,42,-0.98,-1.85,0.88,-5.59,-0.58,0.83,0.23,2,-0.92,-0.26,0.389,0.696,0.532,0.573,0.812,0.718,0.464,0.628,0.147,0,22.9,2.3,0,-0.2,-8.2,0.4,0.2,0.366,0.352,0.282,0.211,0.549,0.239,5587
Tony Cruz,Cardinals,28,69,142,151,29,19,7,1,2,6,11,6,0,32,0,1,2,6,0,0,0.204,59,36,16,5,585,180,405,3,2,0,0.04,0.212,0.19,0.235,0.31,0.545,0.106,0.248,1.64,0.144,0.532,0.324,0.139,0.056,0.051,0,0.237,-9.1,8,-9.4,-1.1,4.4,2.5,-4.2,-0.4,-3.5,1.5,46,-1.09,-2.63,1.54,-13.81,-1.54,0.97,1.04,28,-1.16,0.03,0.336,0.706,0.528,0.71,0.825,0.79,0.519,0.636,0.109,-0.7,25.1,1.3,0,-0.2,-10.2,0.3,-0.5,0.381,0.336,0.283,0.239,0.54,0.221,2802
Mike Zunino,Mariners,24,112,350,386,61,39,11,0,11,28,28,21,0,132,5,2,8,7,0,1,0.174,71,109,38,16,1582,554,1028,3,10,0,0.054,0.342,0.16,0.23,0.3,0.53,0.126,0.239,0.65,0.174,0.326,0.5,0.147,0.101,0.042,0,0.235,-24.1,19,-23.7,-1,11.3,7.9,-4.4,-0.5,-3.8,1.3,47,-2.2,-7.74,5.54,-30.94,-3.28,1.07,1.77,1,-2.56,0.51,0.326,0.71,0.506,0.508,0.765,0.677,0.468,0.668,0.161,-0.3,22.4,6.9,-0.5,-0.5,-24,1.4,0.7,0.452,0.333,0.215,0.162,0.553,0.285,13265
Bobby Wilson,- - -,32,56,132,147,25,19,5,0,1,8,14,11,0,39,1,1,2,1,0,1,0.189,47,28,19,5,570,196,374,2,2,0,0.075,0.265,0.28,0.255,0.25,0.505,0.061,0.258,1.68,0.202,0.5,0.298,0.179,0.036,0.043,0,0.23,-9.7,7,-10.6,0,4.3,3.1,-2.5,-0.3,-2.1,1.3,38,-0.92,-2.68,1.75,-6.84,-0.77,0.96,1.53,2,-1.21,0.25,0.309,0.664,0.481,0.596,0.839,0.758,0.485,0.605,0.114,0.1,21,3.1,-0.5,0.2,-10.4,0.5,0.4,0.521,0.26,0.219,0.302,0.479,0.219,6564
Drew Butera,- - -,31,55,107,120,21,17,3,0,1,9,5,6,0,26,2,0,5,0,0,1,0.196,26,39,15,6,402,124,278,1,6,1,0.05,0.217,0.23,0.252,0.252,0.505,0.056,0.25,0.67,0.188,0.325,0.488,0.154,0.026,0.038,0.167,0.229,-8,6,-8.4,2.8,3.5,2.2,-0.2,0,-0.2,2,40,-0.43,-1.58,1.15,-8.24,-0.87,0.78,0,1,-0.98,0.44,0.307,0.712,0.52,0.579,0.851,0.776,0.528,0.675,0.114,-0.7,21.8,5,-0.4,-0.8,-9.1,0.4,0.5,0.43,0.326,0.244,0.209,0.593,0.198,3411
Christian Bethancourt,Braves,23,48,155,160,31,21,8,0,2,16,12,5,1,33,0,0,0,7,1,1,0.2,62,38,22,8,527,148,379,8,0,0,0.031,0.206,0.15,0.225,0.29,0.515,0.09,0.242,1.63,0.18,0.508,0.311,0.211,0.053,0.129,0,0.223,-11.6,6,-11.9,2,4.7,3.1,-3,-0.3,-2.6,3.3,36,-0.6,-3.18,2.58,-12.03,-1.32,1.01,0.13,3,-1.05,0.45,0.465,0.769,0.61,0.598,0.816,0.729,0.475,0.706,0.163,-1.1,22.4,5.1,-0.2,-0.1,-13.1,0.3,-0.8,0.492,0.279,0.23,0.246,0.541,0.213,10028
David Ross,Cubs,38,72,159,182,28,18,9,0,1,6,9,20,7,61,0,1,2,1,1,0,0.176,31,48,18,2,716,267,449,0,4,0,0.11,0.335,0.33,0.267,0.252,0.518,0.075,0.276,0.65,0.186,0.32,0.495,0.042,0.021,0,0,0.221,-13.5,7,-14.2,5,5.3,3.4,0.5,0.1,0.5,1.7,33,-1.65,-3.29,1.64,-14.28,-1.58,1.06,2.1,14,-1.35,-0.2,0.314,0.73,0.509,0.478,0.746,0.658,0.469,0.555,0.165,0.6,21.7,8.4,0.1,-0.7,-13.6,0.3,1.2,0.416,0.327,0.257,0.149,0.555,0.297,1551
Chris Herrmann,Twins,27,45,103,113,15,7,5,1,2,13,10,7,0,37,2,0,1,1,0,0,0.146,31,23,11,2,435,138,297,1,2,1,0.062,0.327,0.19,0.214,0.272,0.486,0.126,0.203,1.35,0.169,0.477,0.354,0.087,0.087,0.032,0.5,0.218,-8.6,4,-9.1,3.1,3.3,2.3,0.6,0.1,0.5,4.4,31,-0.54,-1.98,1.44,-4.2,-0.44,0.94,0.27,5,-0.83,0.26,0.368,0.691,0.525,0.395,0.86,0.692,0.485,0.681,0.159,0.5,21.9,5.5,0,0.3,-8.6,0.4,0.2,0.418,0.299,0.284,0.254,0.493,0.254,9284
Rene Rivera,Rays,31,110,298,319,53,34,14,0,5,16,26,11,0,86,3,2,5,4,0,0,0.178,81,96,37,13,1175,356,819,3,5,0,0.034,0.27,0.13,0.213,0.275,0.489,0.097,0.23,0.84,0.173,0.379,0.449,0.135,0.052,0.037,0,0.215,-25,11,-24.8,1.7,9.3,6.4,-8.5,-0.9,-7.3,0.7,33,-2.52,-5.93,3.41,-24.16,-2.51,0.95,0.85,2,-2.71,0.06,0.394,0.763,0.569,0.544,0.804,0.709,0.475,0.718,0.163,-2.4,21.7,8.1,-0.1,-2.2,-27.2,1.2,-0.1,0.393,0.329,0.279,0.256,0.475,0.269,3648
Jeff Mathis,Marlins,32,32,93,103,15,8,4,1,2,9,12,7,1,24,0,3,0,2,0,0,0.161,29,28,14,4,393,149,244,3,1,0,0.068,0.233,0.29,0.214,0.29,0.504,0.129,0.186,1.04,0.197,0.408,0.394,0.143,0.071,0.103,0,0.215,-8.1,3,-8.5,-1,3,2.1,-3.6,-0.4,-3.1,3.5,29,-1.05,-2.22,1.17,-6.67,-0.72,1.1,1.8,2,-0.58,-0.37,0.332,0.699,0.5,0.478,0.821,0.698,0.458,0.651,0.148,0.6,21.7,1.1,0,0.4,-7.9,0.2,0.2,0.472,0.278,0.25,0.306,0.417,0.278,3448
Austin Hedges,Padres,22,56,137,152,23,18,2,0,3,13,11,8,1,38,1,3,3,1,0,0,0.168,46,37,19,4,536,167,369,1,3,1,0.053,0.25,0.21,0.215,0.248,0.463,0.08,0.202,1.24,0.186,0.451,0.363,0.108,0.081,0.022,0.333,0.203,-13.3,4,-13.1,1,4.4,3,-3.5,-0.4,-3,1.7,26,-1.25,-2.69,1.44,-13.28,-1.4,0.89,0.3,9,-1.25,-0.15,0.397,0.665,0.535,0.56,0.831,0.733,0.514,0.612,0.138,0.8,22,4,-0.1,0.4,-12.2,0.3,0.5,0.448,0.333,0.219,0.114,0.686,0.2,12976
Sandy Leon,Red Sox,26,41,114,128,21,19,2,0,0,8,3,7,1,28,1,0,6,4,0,1,0.184,38,31,16,8,502,178,324,1,7,1,0.055,0.219,0.25,0.238,0.202,0.439,0.018,0.244,1.23,0.188,0.447,0.365,0.258,0,0.026,0.143,0.199,-11.7,3,-12.8,3,3.7,2.4,-4.4,-0.5,-3.8,1.9,14,-1.52,-2.42,0.9,-14.96,-1.48,0.95,0.49,4,-1.38,-0.22,0.3,0.603,0.448,0.76,0.889,0.845,0.489,0.516,0.068,-1.2,21.1,5.4,-0.4,-0.5,-14,0.5,-0.3,0.424,0.294,0.283,0.294,0.565,0.141,5273
Jesus Sucre,Mariners,27,52,127,142,20,13,6,0,1,9,7,6,0,21,0,0,9,6,0,0,0.157,50,38,17,5,525,199,326,4,10,1,0.042,0.148,0.29,0.195,0.228,0.424,0.071,0.181,1.32,0.162,0.476,0.362,0.132,0.026,0.08,0.1,0.189,-14.1,2,-13.9,3,4.2,3.3,-3.2,-0.3,-2.7,1.5,15,-1.15,-2.6,1.45,-14.99,-1.55,1, ,0,-1.09,-0.06,0.264,0.609,0.425,0.795,0.912,0.873,0.467,0.535,0.053,-0.2,20.8,6.3,0,0.4,-14.2,0.5,-0.6,0.348,0.348,0.304,0.217,0.583,0.2,5942